Transportation,Distance,Service,Age,Workload,Weight,Height,BMI,AbsentHours
289.0,36.0,13.0,33.0,239.554,90.0,172.0,30.0,4.0
118.0,13.0,18.0,50.0,239.554,98.0,178.0,31.0,0.0
179.0,51.0,18.0,38.0,239.554,89.0,170.0,31.0,2.0
279.0,5.0,14.0,39.0,239.554,68.0,168.0,24.0,4.0
289.0,36.0,13.0,33.0,239.554,90.0,172.0,30.0,2.0
179.0,51.0,18.0,38.0,239.554,89.0,170.0,31.0,2.0
361.0,52.0,3.0,28.0,239.554,80.0,172.0,27.0,8.0
260.0,50.0,11.0,36.0,239.554,65.0,168.0,23.0,4.0
155.0,12.0,14.0,34.0,239.554,95.0,196.0,25.0,40.0
235.0,11.0,14.0,37.0,239.554,88.0,172.0,29.0,8.0
260.0,50.0,11.0,36.0,239.554,65.0,168.0,23.0,8.0
260.0,50.0,11.0,36.0,239.554,65.0,168.0,23.0,8.0
260.0,50.0,11.0,36.0,239.554,65.0,168.0,23.0,8.0
179.0,51.0,18.0,38.0,239.554,89.0,170.0,31.0,1.0
179.0,51.0,18.0,38.0,239.554,89.0,170.0,31.0,4.0
246.0,25.0,16.0,41.0,239.554,67.0,170.0,23.0,8.0
179.0,51.0,18.0,38.0,239.554,89.0,170.0,31.0,2.0
179.0,51.0,18.0,38.0,239.554,89.0,170.0,31.0,8.0
189.0,29.0,13.0,33.0,239.554,69.0,167.0,25.0,8.0
248.0,25.0,14.0,47.0,205.917,86.0,165.0,32.0,2.0
330.0,16.0,4.0,28.0,205.917,84.0,182.0,25.0,8.0
179.0,51.0,18.0,38.0,205.917,89.0,170.0,31.0,1.0
361.0,52.0,3.0,28.0,205.917,80.0,172.0,27.0,40.0
260.0,50.0,11.0,36.0,205.917,65.0,168.0,23.0,4.0
289.0,36.0,13.0,33.0,205.917,90.0,172.0,30.0,8.0
361.0,52.0,3.0,28.0,205.917,80.0,172.0,27.0,7.0
289.0,36.0,13.0,33.0,205.917,90.0,172.0,30.0,1.0
157.0,27.0,6.0,29.0,205.917,75.0,185.0,22.0,4.0
289.0,36.0,13.0,33.0,205.917,90.0,172.0,30.0,8.0
179.0,51.0,18.0,38.0,205.917,89.0,170.0,31.0,2.0
179.0,51.0,18.0,38.0,205.917,89.0,170.0,31.0,8.0
235.0,29.0,12.0,48.0,205.917,88.0,163.0,33.0,8.0
235.0,11.0,14.0,37.0,205.917,88.0,172.0,29.0,4.0
235.0,29.0,12.0,48.0,205.917,88.0,163.0,33.0,8.0
179.0,51.0,18.0,38.0,205.917,89.0,170.0,31.0,2.0
361.0,52.0,3.0,28.0,205.917,80.0,172.0,27.0,1.0
289.0,36.0,13.0,33.0,205.917,90.0,172.0,30.0,8.0
291.0,50.0,12.0,32.0,205.917,65.0,169.0,23.0,4.0
235.0,29.0,12.0,48.0,205.917,88.0,163.0,33.0,8.0
260.0,50.0,11.0,36.0,205.917,65.0,168.0,23.0,4.0
184.0,42.0,7.0,27.0,241.476,58.0,167.0,21.0,2.0
118.0,10.0,10.0,37.0,241.476,83.0,172.0,28.0,4.0
179.0,51.0,18.0,38.0,241.476,89.0,170.0,31.0,4.0
235.0,20.0,13.0,43.0,241.476,106.0,167.0,38.0,8.0
155.0,12.0,14.0,34.0,241.476,95.0,196.0,25.0,2.0
118.0,10.0,10.0,37.0,241.476,83.0,172.0,28.0,3.0
179.0,51.0,18.0,38.0,241.476,89.0,170.0,31.0,3.0
291.0,31.0,12.0,40.0,241.476,73.0,171.0,25.0,4.0
260.0,50.0,11.0,36.0,241.476,65.0,168.0,23.0,8.0
291.0,31.0,12.0,40.0,241.476,73.0,171.0,25.0,32.0
260.0,50.0,11.0,36.0,241.476,65.0,168.0,23.0,0.0
225.0,26.0,9.0,28.0,241.476,69.0,169.0,24.0,0.0
225.0,26.0,9.0,28.0,241.476,69.0,169.0,24.0,2.0
118.0,10.0,10.0,37.0,241.476,83.0,172.0,28.0,2.0
289.0,36.0,13.0,33.0,241.476,90.0,172.0,30.0,0.0
118.0,13.0,18.0,50.0,241.476,98.0,178.0,31.0,0.0
225.0,26.0,9.0,28.0,241.476,69.0,169.0,24.0,3.0
179.0,51.0,18.0,38.0,241.476,89.0,170.0,31.0,3.0
369.0,17.0,12.0,31.0,241.476,70.0,169.0,25.0,0.0
248.0,25.0,14.0,47.0,241.476,86.0,165.0,32.0,1.0
179.0,51.0,18.0,38.0,241.476,89.0,170.0,31.0,3.0
260.0,50.0,11.0,36.0,241.476,65.0,168.0,23.0,4.0
179.0,51.0,18.0,38.0,253.465,89.0,170.0,31.0,3.0
118.0,10.0,10.0,37.0,253.465,83.0,172.0,28.0,3.0
118.0,13.0,18.0,50.0,253.465,98.0,178.0,31.0,0.0
179.0,26.0,9.0,30.0,253.465,56.0,171.0,19.0,1.0
179.0,51.0,18.0,38.0,253.465,89.0,170.0,31.0,3.0
225.0,26.0,9.0,28.0,253.465,69.0,169.0,24.0,3.0
118.0,10.0,10.0,37.0,253.465,83.0,172.0,28.0,3.0
225.0,26.0,9.0,28.0,253.465,69.0,169.0,24.0,2.0
248.0,25.0,14.0,47.0,253.465,86.0,165.0,32.0,2.0
291.0,31.0,12.0,40.0,253.465,73.0,171.0,25.0,5.0
179.0,51.0,18.0,38.0,253.465,89.0,170.0,31.0,8.0
225.0,26.0,9.0,28.0,253.465,69.0,169.0,24.0,3.0
260.0,50.0,11.0,36.0,253.465,65.0,168.0,23.0,16.0
291.0,31.0,12.0,40.0,253.465,73.0,171.0,25.0,8.0
225.0,26.0,9.0,28.0,253.465,69.0,169.0,24.0,2.0
289.0,36.0,13.0,33.0,253.465,90.0,172.0,30.0,8.0
361.0,52.0,3.0,28.0,253.465,80.0,172.0,27.0,1.0
260.0,50.0,11.0,36.0,253.465,65.0,168.0,23.0,3.0
179.0,51.0,18.0,38.0,306.345,89.0,170.0,31.0,1.0
225.0,26.0,9.0,28.0,306.345,69.0,169.0,24.0,1.0
179.0,51.0,18.0,38.0,306.345,89.0,170.0,31.0,8.0
179.0,22.0,17.0,40.0,306.345,63.0,170.0,22.0,8.0
291.0,31.0,12.0,40.0,306.345,73.0,171.0,25.0,5.0
155.0,12.0,14.0,34.0,306.345,95.0,196.0,25.0,32.0
189.0,29.0,13.0,33.0,306.345,69.0,167.0,25.0,8.0
291.0,31.0,12.0,40.0,306.345,73.0,171.0,25.0,40.0
225.0,26.0,9.0,28.0,306.345,69.0,169.0,24.0,1.0
155.0,12.0,14.0,34.0,306.345,95.0,196.0,25.0,8.0
225.0,26.0,9.0,28.0,306.345,69.0,169.0,24.0,3.0
179.0,22.0,17.0,40.0,306.345,63.0,170.0,22.0,8.0
225.0,26.0,9.0,28.0,306.345,69.0,169.0,24.0,3.0
260.0,50.0,11.0,36.0,306.345,65.0,168.0,23.0,4.0
248.0,25.0,14.0,47.0,306.345,86.0,165.0,32.0,1.0
225.0,26.0,9.0,28.0,306.345,69.0,169.0,24.0,3.0
289.0,36.0,13.0,33.0,306.345,90.0,172.0,30.0,24.0
291.0,31.0,12.0,40.0,306.345,73.0,171.0,25.0,3.0
248.0,25.0,14.0,47.0,261.306,86.0,165.0,32.0,1.0
118.0,10.0,10.0,37.0,261.306,83.0,172.0,28.0,64.0
118.0,13.0,18.0,50.0,261.306,98.0,178.0,31.0,2.0
235.0,11.0,14.0,37.0,261.306,88.0,172.0,29.0,8.0
225.0,26.0,9.0,28.0,261.306,69.0,169.0,24.0,2.0
260.0,50.0,11.0,36.0,261.306,65.0,168.0,23.0,8.0
118.0,10.0,10.0,37.0,261.306,83.0,172.0,28.0,56.0
361.0,52.0,3.0,28.0,261.306,80.0,172.0,27.0,8.0
225.0,26.0,9.0,28.0,261.306,69.0,169.0,24.0,3.0
260.0,50.0,11.0,36.0,261.306,65.0,168.0,23.0,3.0
225.0,26.0,9.0,28.0,261.306,69.0,169.0,24.0,2.0
361.0,52.0,3.0,28.0,261.306,80.0,172.0,27.0,8.0
118.0,10.0,10.0,37.0,261.306,83.0,172.0,28.0,2.0
246.0,25.0,16.0,41.0,261.306,67.0,170.0,23.0,8.0
225.0,26.0,9.0,28.0,261.306,69.0,169.0,24.0,2.0
225.0,26.0,9.0,28.0,308.593,69.0,169.0,24.0,1.0
118.0,10.0,10.0,37.0,308.593,83.0,172.0,28.0,1.0
118.0,10.0,10.0,37.0,308.593,83.0,172.0,28.0,1.0
155.0,12.0,14.0,34.0,308.593,95.0,196.0,25.0,8.0
225.0,26.0,9.0,28.0,308.593,69.0,169.0,24.0,2.0
184.0,42.0,7.0,27.0,308.593,58.0,167.0,21.0,2.0
225.0,26.0,9.0,28.0,308.593,69.0,169.0,24.0,2.0
225.0,26.0,9.0,28.0,308.593,69.0,169.0,24.0,1.0
118.0,10.0,10.0,37.0,308.593,83.0,172.0,28.0,2.0
225.0,26.0,9.0,28.0,308.593,69.0,169.0,24.0,2.0
118.0,10.0,10.0,37.0,308.593,83.0,172.0,28.0,2.0
118.0,10.0,10.0,37.0,308.593,83.0,172.0,28.0,2.0
118.0,10.0,10.0,37.0,308.593,83.0,172.0,28.0,2.0
118.0,10.0,10.0,37.0,308.593,83.0,172.0,28.0,2.0
118.0,10.0,10.0,37.0,308.593,83.0,172.0,28.0,2.0
118.0,10.0,10.0,37.0,308.593,83.0,172.0,28.0,2.0
179.0,26.0,9.0,30.0,308.593,56.0,171.0,19.0,8.0
289.0,36.0,13.0,33.0,308.593,90.0,172.0,30.0,8.0
118.0,10.0,10.0,37.0,308.593,83.0,172.0,28.0,2.0
184.0,42.0,7.0,27.0,308.593,58.0,167.0,21.0,2.0
118.0,10.0,10.0,37.0,308.593,83.0,172.0,28.0,2.0
118.0,10.0,10.0,37.0,308.593,83.0,172.0,28.0,0.0
225.0,26.0,9.0,28.0,308.593,69.0,169.0,24.0,1.0
289.0,36.0,13.0,33.0,308.593,90.0,172.0,30.0,3.0
184.0,42.0,7.0,27.0,302.585,58.0,167.0,21.0,1.0
246.0,25.0,16.0,41.0,302.585,67.0,170.0,23.0,8.0
179.0,51.0,18.0,38.0,302.585,89.0,170.0,31.0,8.0
155.0,12.0,14.0,34.0,302.585,95.0,196.0,25.0,2.0
189.0,29.0,13.0,33.0,302.585,69.0,167.0,25.0,8.0
260.0,50.0,11.0,36.0,302.585,65.0,168.0,23.0,2.0
289.0,36.0,13.0,33.0,302.585,90.0,172.0,30.0,8.0
388.0,15.0,9.0,50.0,302.585,76.0,178.0,24.0,8.0
388.0,15.0,9.0,50.0,302.585,76.0,178.0,24.0,8.0
225.0,26.0,9.0,28.0,302.585,69.0,169.0,24.0,2.0
225.0,26.0,9.0,28.0,302.585,69.0,169.0,24.0,2.0
179.0,26.0,9.0,30.0,302.585,56.0,171.0,19.0,1.0
184.0,42.0,7.0,27.0,302.585,58.0,167.0,21.0,8.0
225.0,26.0,9.0,28.0,302.585,69.0,169.0,24.0,3.0
330.0,16.0,4.0,28.0,302.585,84.0,182.0,25.0,8.0
330.0,16.0,4.0,28.0,302.585,84.0,182.0,25.0,1.0
225.0,26.0,9.0,28.0,302.585,69.0,169.0,24.0,1.0
189.0,29.0,13.0,33.0,302.585,69.0,167.0,25.0,8.0
291.0,50.0,12.0,32.0,343.25300000000004,65.0,169.0,23.0,2.0
260.0,50.0,11.0,36.0,343.25300000000004,65.0,168.0,23.0,8.0
157.0,27.0,6.0,29.0,343.25300000000004,75.0,185.0,22.0,3.0
179.0,22.0,17.0,40.0,343.25300000000004,63.0,170.0,22.0,8.0
291.0,31.0,12.0,40.0,343.25300000000004,73.0,171.0,25.0,8.0
260.0,50.0,11.0,36.0,343.25300000000004,65.0,168.0,23.0,8.0
179.0,26.0,9.0,30.0,343.25300000000004,56.0,171.0,19.0,8.0
248.0,25.0,14.0,47.0,343.25300000000004,86.0,165.0,32.0,3.0
260.0,50.0,11.0,36.0,343.25300000000004,65.0,168.0,23.0,40.0
179.0,22.0,17.0,40.0,343.25300000000004,63.0,170.0,22.0,40.0
155.0,12.0,14.0,34.0,343.25300000000004,95.0,196.0,25.0,16.0
260.0,50.0,11.0,36.0,343.25300000000004,65.0,168.0,23.0,16.0
155.0,12.0,14.0,34.0,343.25300000000004,95.0,196.0,25.0,8.0
289.0,36.0,13.0,33.0,343.25300000000004,90.0,172.0,30.0,8.0
179.0,22.0,17.0,40.0,343.25300000000004,63.0,170.0,22.0,8.0
260.0,50.0,11.0,36.0,343.25300000000004,65.0,168.0,23.0,4.0
225.0,26.0,9.0,28.0,343.25300000000004,69.0,169.0,24.0,1.0
279.0,5.0,14.0,39.0,343.25300000000004,68.0,168.0,24.0,8.0
179.0,51.0,18.0,38.0,343.25300000000004,89.0,170.0,31.0,24.0
225.0,26.0,9.0,28.0,343.25300000000004,69.0,169.0,24.0,2.0
225.0,26.0,9.0,28.0,343.25300000000004,69.0,169.0,24.0,8.0
179.0,26.0,9.0,30.0,343.25300000000004,56.0,171.0,19.0,1.0
225.0,26.0,9.0,28.0,343.25300000000004,69.0,169.0,24.0,8.0
225.0,26.0,9.0,28.0,343.25300000000004,69.0,169.0,24.0,16.0
179.0,51.0,18.0,38.0,343.25300000000004,89.0,170.0,31.0,3.0
279.0,5.0,14.0,39.0,343.25300000000004,68.0,168.0,24.0,16.0
225.0,26.0,9.0,28.0,343.25300000000004,69.0,169.0,24.0,2.0
248.0,25.0,14.0,47.0,343.25300000000004,86.0,165.0,32.0,3.0
225.0,26.0,9.0,28.0,343.25300000000004,69.0,169.0,24.0,1.0
291.0,31.0,12.0,40.0,326.452,73.0,171.0,25.0,1.0
225.0,26.0,9.0,28.0,326.452,69.0,169.0,24.0,1.0
155.0,12.0,14.0,34.0,326.452,95.0,196.0,25.0,1.0
246.0,25.0,16.0,41.0,326.452,67.0,170.0,23.0,24.0
155.0,12.0,14.0,34.0,326.452,95.0,196.0,25.0,1.0
225.0,26.0,9.0,28.0,326.452,69.0,169.0,24.0,2.0
260.0,50.0,11.0,36.0,326.452,65.0,168.0,23.0,4.0
179.0,51.0,18.0,38.0,326.452,89.0,170.0,31.0,24.0
118.0,13.0,18.0,50.0,326.452,98.0,178.0,31.0,1.0
291.0,31.0,12.0,40.0,326.452,73.0,171.0,25.0,3.0
246.0,25.0,16.0,41.0,326.452,67.0,170.0,23.0,8.0
291.0,31.0,12.0,40.0,326.452,73.0,171.0,25.0,1.0
248.0,25.0,14.0,47.0,326.452,86.0,165.0,32.0,8.0
260.0,50.0,11.0,36.0,326.452,65.0,168.0,23.0,56.0
289.0,36.0,13.0,33.0,326.452,90.0,172.0,30.0,8.0
155.0,12.0,14.0,34.0,326.452,95.0,196.0,25.0,24.0
378.0,49.0,11.0,36.0,326.452,65.0,174.0,21.0,8.0
289.0,36.0,13.0,33.0,326.452,90.0,172.0,30.0,16.0
235.0,11.0,14.0,37.0,326.452,88.0,172.0,29.0,3.0
235.0,29.0,12.0,48.0,326.452,88.0,163.0,33.0,0.0
289.0,36.0,13.0,33.0,378.884,90.0,172.0,30.0,8.0
155.0,12.0,14.0,34.0,378.884,95.0,196.0,25.0,2.0
155.0,12.0,14.0,34.0,378.884,95.0,196.0,25.0,1.0
179.0,51.0,18.0,38.0,378.884,89.0,170.0,31.0,8.0
225.0,26.0,9.0,28.0,378.884,69.0,169.0,24.0,8.0
184.0,42.0,7.0,27.0,378.884,58.0,167.0,21.0,4.0
155.0,12.0,14.0,34.0,378.884,95.0,196.0,25.0,2.0
179.0,51.0,18.0,38.0,378.884,89.0,170.0,31.0,1.0
289.0,36.0,13.0,33.0,378.884,90.0,172.0,30.0,24.0
279.0,5.0,14.0,39.0,378.884,68.0,168.0,24.0,0.0
330.0,16.0,4.0,28.0,378.884,84.0,182.0,25.0,0.0
378.0,49.0,11.0,36.0,378.884,65.0,174.0,21.0,0.0
388.0,15.0,9.0,50.0,378.884,76.0,178.0,24.0,0.0
179.0,51.0,18.0,38.0,378.884,89.0,170.0,31.0,1.0
118.0,13.0,18.0,50.0,378.884,98.0,178.0,31.0,24.0
361.0,52.0,3.0,28.0,378.884,80.0,172.0,27.0,8.0
246.0,25.0,16.0,41.0,377.55,67.0,170.0,23.0,8.0
361.0,52.0,3.0,28.0,377.55,80.0,172.0,27.0,8.0
246.0,25.0,16.0,41.0,377.55,67.0,170.0,23.0,24.0
291.0,31.0,12.0,40.0,377.55,73.0,171.0,25.0,4.0
246.0,25.0,16.0,41.0,377.55,67.0,170.0,23.0,8.0
179.0,51.0,18.0,38.0,377.55,89.0,170.0,31.0,8.0
155.0,12.0,14.0,34.0,377.55,95.0,196.0,25.0,4.0
246.0,25.0,16.0,41.0,377.55,67.0,170.0,23.0,8.0
118.0,13.0,18.0,50.0,377.55,98.0,178.0,31.0,8.0
235.0,11.0,14.0,37.0,377.55,88.0,172.0,29.0,16.0
118.0,13.0,18.0,50.0,377.55,98.0,178.0,31.0,1.0
118.0,13.0,18.0,50.0,377.55,98.0,178.0,31.0,80.0
378.0,49.0,11.0,36.0,377.55,65.0,174.0,21.0,8.0
179.0,51.0,18.0,38.0,377.55,89.0,170.0,31.0,2.0
289.0,48.0,29.0,49.0,377.55,108.0,172.0,36.0,2.0
225.0,26.0,9.0,28.0,377.55,69.0,169.0,24.0,2.0
155.0,12.0,14.0,34.0,275.312,95.0,196.0,25.0,16.0
118.0,13.0,18.0,50.0,275.312,98.0,178.0,31.0,8.0
118.0,10.0,10.0,37.0,275.312,83.0,172.0,28.0,8.0
118.0,10.0,10.0,37.0,275.312,83.0,172.0,28.0,4.0
330.0,16.0,4.0,28.0,275.312,84.0,182.0,25.0,8.0
179.0,26.0,9.0,30.0,275.312,56.0,171.0,19.0,8.0
155.0,12.0,14.0,34.0,275.312,95.0,196.0,25.0,2.0
330.0,16.0,4.0,28.0,275.312,84.0,182.0,25.0,8.0
330.0,16.0,4.0,28.0,275.312,84.0,182.0,25.0,8.0
157.0,27.0,6.0,29.0,275.312,75.0,185.0,22.0,3.0
361.0,52.0,3.0,28.0,275.312,80.0,172.0,27.0,8.0
289.0,36.0,13.0,33.0,275.312,90.0,172.0,30.0,8.0
179.0,51.0,18.0,38.0,275.312,89.0,170.0,31.0,8.0
289.0,36.0,13.0,33.0,275.312,90.0,172.0,30.0,32.0
289.0,36.0,13.0,33.0,275.312,90.0,172.0,30.0,8.0
260.0,50.0,11.0,36.0,275.312,65.0,168.0,23.0,0.0
289.0,36.0,13.0,33.0,265.615,90.0,172.0,30.0,8.0
157.0,27.0,6.0,29.0,265.615,75.0,185.0,22.0,3.0
289.0,36.0,13.0,33.0,265.615,90.0,172.0,30.0,1.0
228.0,14.0,16.0,58.0,265.615,65.0,172.0,22.0,8.0
300.0,26.0,13.0,43.0,265.615,77.0,175.0,25.0,1.0
300.0,26.0,13.0,43.0,265.615,77.0,175.0,25.0,2.0
260.0,50.0,11.0,36.0,265.615,65.0,168.0,23.0,4.0
289.0,36.0,13.0,33.0,265.615,90.0,172.0,30.0,4.0
248.0,25.0,14.0,47.0,265.615,86.0,165.0,32.0,1.0
268.0,11.0,8.0,33.0,265.615,79.0,178.0,25.0,8.0
179.0,26.0,9.0,30.0,265.615,56.0,171.0,19.0,1.0
118.0,13.0,18.0,50.0,265.615,98.0,178.0,31.0,3.0
248.0,25.0,14.0,47.0,265.615,86.0,165.0,32.0,2.0
235.0,11.0,14.0,37.0,265.615,88.0,172.0,29.0,1.0
118.0,13.0,18.0,50.0,265.615,98.0,178.0,31.0,1.0
235.0,11.0,14.0,37.0,265.615,88.0,172.0,29.0,8.0
361.0,52.0,3.0,28.0,265.615,80.0,172.0,27.0,8.0
184.0,42.0,7.0,27.0,265.615,58.0,167.0,21.0,8.0
179.0,51.0,18.0,38.0,294.217,89.0,170.0,31.0,8.0
179.0,51.0,18.0,38.0,294.217,89.0,170.0,31.0,3.0
289.0,36.0,13.0,33.0,294.217,90.0,172.0,30.0,24.0
235.0,20.0,13.0,43.0,294.217,106.0,167.0,38.0,0.0
246.0,25.0,16.0,41.0,294.217,67.0,170.0,23.0,16.0
291.0,31.0,12.0,40.0,294.217,73.0,171.0,25.0,3.0
231.0,35.0,14.0,39.0,294.217,100.0,170.0,35.0,0.0
291.0,50.0,12.0,32.0,294.217,65.0,169.0,23.0,0.0
179.0,51.0,18.0,38.0,294.217,89.0,170.0,31.0,8.0
246.0,25.0,16.0,41.0,294.217,67.0,170.0,23.0,32.0
179.0,51.0,18.0,38.0,294.217,89.0,170.0,31.0,1.0
291.0,31.0,12.0,40.0,294.217,73.0,171.0,25.0,4.0
260.0,50.0,11.0,36.0,294.217,65.0,168.0,23.0,4.0
235.0,20.0,13.0,43.0,294.217,106.0,167.0,38.0,8.0
118.0,13.0,18.0,50.0,294.217,98.0,178.0,31.0,1.0
235.0,20.0,13.0,43.0,294.217,106.0,167.0,38.0,0.0
291.0,31.0,12.0,40.0,294.217,73.0,171.0,25.0,3.0
291.0,31.0,12.0,40.0,294.217,73.0,171.0,25.0,40.0
179.0,51.0,18.0,38.0,294.217,89.0,170.0,31.0,8.0
289.0,36.0,13.0,33.0,265.017,90.0,172.0,30.0,8.0
235.0,11.0,14.0,37.0,265.017,88.0,172.0,29.0,4.0
289.0,36.0,13.0,33.0,265.017,90.0,172.0,30.0,8.0
289.0,36.0,13.0,33.0,265.017,90.0,172.0,30.0,8.0
118.0,13.0,18.0,50.0,265.017,98.0,178.0,31.0,0.0
248.0,25.0,14.0,47.0,265.017,86.0,165.0,32.0,0.0
179.0,26.0,9.0,30.0,265.017,56.0,171.0,19.0,8.0
118.0,10.0,10.0,37.0,265.017,83.0,172.0,28.0,3.0
369.0,17.0,12.0,31.0,265.017,70.0,169.0,25.0,8.0
179.0,51.0,18.0,38.0,265.017,89.0,170.0,31.0,1.0
179.0,26.0,9.0,30.0,265.017,56.0,171.0,19.0,64.0
235.0,20.0,13.0,43.0,265.017,106.0,167.0,38.0,0.0
289.0,36.0,13.0,33.0,265.017,90.0,172.0,30.0,16.0
260.0,50.0,11.0,36.0,265.017,65.0,168.0,23.0,3.0
235.0,20.0,13.0,43.0,265.017,106.0,167.0,38.0,0.0
235.0,20.0,13.0,43.0,265.017,106.0,167.0,38.0,2.0
235.0,20.0,13.0,43.0,265.017,106.0,167.0,38.0,2.0
118.0,13.0,18.0,50.0,265.017,98.0,178.0,31.0,1.0
291.0,31.0,12.0,40.0,265.017,73.0,171.0,25.0,4.0
179.0,26.0,9.0,30.0,265.017,56.0,171.0,19.0,16.0
118.0,13.0,18.0,50.0,265.017,98.0,178.0,31.0,1.0
361.0,52.0,3.0,28.0,265.017,80.0,172.0,27.0,8.0
260.0,50.0,11.0,36.0,265.017,65.0,168.0,23.0,0.0
291.0,31.0,12.0,40.0,265.017,73.0,171.0,25.0,0.0
157.0,27.0,6.0,29.0,265.017,75.0,185.0,22.0,0.0
179.0,26.0,9.0,30.0,265.017,56.0,171.0,19.0,5.0
179.0,26.0,9.0,30.0,265.017,56.0,171.0,19.0,5.0
118.0,13.0,18.0,50.0,265.017,98.0,178.0,31.0,1.0
118.0,10.0,10.0,37.0,284.031,83.0,172.0,28.0,8.0
248.0,25.0,14.0,47.0,284.031,86.0,165.0,32.0,2.0
179.0,51.0,18.0,38.0,284.031,89.0,170.0,31.0,8.0
260.0,50.0,11.0,36.0,284.031,65.0,168.0,23.0,3.0
291.0,31.0,12.0,40.0,284.031,73.0,171.0,25.0,1.0
378.0,49.0,11.0,36.0,284.031,65.0,174.0,21.0,8.0
155.0,12.0,14.0,34.0,284.031,95.0,196.0,25.0,120.0
235.0,20.0,13.0,43.0,284.031,106.0,167.0,38.0,8.0
330.0,16.0,4.0,28.0,284.031,84.0,182.0,25.0,0.0
235.0,11.0,14.0,37.0,284.031,88.0,172.0,29.0,1.0
118.0,10.0,10.0,37.0,284.031,83.0,172.0,28.0,3.0
235.0,11.0,14.0,37.0,284.031,88.0,172.0,29.0,2.0
179.0,51.0,18.0,38.0,284.031,89.0,170.0,31.0,3.0
246.0,25.0,16.0,41.0,284.031,67.0,170.0,23.0,8.0
291.0,31.0,12.0,40.0,284.031,73.0,171.0,25.0,4.0
246.0,25.0,16.0,41.0,284.031,67.0,170.0,23.0,8.0
179.0,51.0,18.0,38.0,284.031,89.0,170.0,31.0,1.0
260.0,50.0,11.0,36.0,284.031,65.0,168.0,23.0,8.0
260.0,50.0,11.0,36.0,284.031,65.0,168.0,23.0,8.0
378.0,49.0,11.0,36.0,284.031,65.0,174.0,21.0,0.0
279.0,5.0,14.0,39.0,284.031,68.0,168.0,24.0,0.0
179.0,51.0,18.0,38.0,284.031,89.0,170.0,31.0,1.0
225.0,26.0,9.0,28.0,236.62900000000002,69.0,169.0,24.0,3.0
179.0,51.0,18.0,38.0,236.62900000000002,89.0,170.0,31.0,2.0
179.0,51.0,18.0,38.0,236.62900000000002,89.0,170.0,31.0,1.0
235.0,11.0,14.0,37.0,236.62900000000002,88.0,172.0,29.0,3.0
118.0,13.0,18.0,50.0,236.62900000000002,98.0,178.0,31.0,1.0
260.0,50.0,11.0,36.0,236.62900000000002,65.0,168.0,23.0,4.0
246.0,25.0,16.0,41.0,236.62900000000002,67.0,170.0,23.0,8.0
179.0,51.0,18.0,38.0,236.62900000000002,89.0,170.0,31.0,1.0
179.0,51.0,18.0,38.0,236.62900000000002,89.0,170.0,31.0,1.0
179.0,26.0,9.0,30.0,236.62900000000002,56.0,171.0,19.0,1.0
118.0,10.0,10.0,37.0,236.62900000000002,83.0,172.0,28.0,8.0
235.0,11.0,14.0,37.0,236.62900000000002,88.0,172.0,29.0,2.0
179.0,51.0,18.0,38.0,236.62900000000002,89.0,170.0,31.0,1.0
235.0,20.0,13.0,43.0,236.62900000000002,106.0,167.0,38.0,8.0
235.0,11.0,14.0,37.0,236.62900000000002,88.0,172.0,29.0,4.0
260.0,50.0,11.0,36.0,236.62900000000002,65.0,168.0,23.0,8.0
157.0,27.0,6.0,29.0,236.62900000000002,75.0,185.0,22.0,2.0
179.0,51.0,18.0,38.0,236.62900000000002,89.0,170.0,31.0,3.0
289.0,36.0,13.0,33.0,236.62900000000002,90.0,172.0,30.0,8.0
225.0,26.0,9.0,28.0,330.061,69.0,169.0,24.0,5.0
118.0,10.0,10.0,37.0,330.061,83.0,172.0,28.0,32.0
155.0,12.0,14.0,34.0,330.061,95.0,196.0,25.0,2.0
235.0,11.0,14.0,37.0,330.061,88.0,172.0,29.0,1.0
155.0,12.0,14.0,34.0,330.061,95.0,196.0,25.0,4.0
289.0,36.0,13.0,33.0,330.061,90.0,172.0,30.0,8.0
291.0,31.0,12.0,40.0,330.061,73.0,171.0,25.0,8.0
235.0,20.0,13.0,43.0,330.061,106.0,167.0,38.0,8.0
118.0,13.0,18.0,50.0,330.061,98.0,178.0,31.0,4.0
179.0,51.0,18.0,38.0,330.061,89.0,170.0,31.0,1.0
179.0,51.0,18.0,38.0,330.061,89.0,170.0,31.0,1.0
118.0,10.0,10.0,37.0,251.81799999999998,83.0,172.0,28.0,2.0
179.0,51.0,18.0,38.0,251.81799999999998,89.0,170.0,31.0,3.0
225.0,26.0,9.0,28.0,251.81799999999998,69.0,169.0,24.0,1.0
289.0,36.0,13.0,33.0,251.81799999999998,90.0,172.0,30.0,3.0
260.0,50.0,11.0,36.0,251.81799999999998,65.0,168.0,23.0,3.0
179.0,51.0,18.0,38.0,251.81799999999998,89.0,170.0,31.0,3.0
179.0,51.0,18.0,38.0,251.81799999999998,89.0,170.0,31.0,2.0
179.0,51.0,18.0,38.0,251.81799999999998,89.0,170.0,31.0,3.0
179.0,51.0,18.0,38.0,251.81799999999998,89.0,170.0,31.0,8.0
246.0,25.0,16.0,41.0,251.81799999999998,67.0,170.0,23.0,8.0
179.0,51.0,18.0,38.0,251.81799999999998,89.0,170.0,31.0,3.0
189.0,29.0,13.0,33.0,251.81799999999998,69.0,167.0,25.0,8.0
179.0,51.0,18.0,38.0,251.81799999999998,89.0,170.0,31.0,3.0
246.0,25.0,16.0,41.0,251.81799999999998,67.0,170.0,23.0,2.0
291.0,31.0,12.0,40.0,251.81799999999998,73.0,171.0,25.0,2.0
157.0,27.0,6.0,29.0,251.81799999999998,75.0,185.0,22.0,16.0
179.0,51.0,18.0,38.0,251.81799999999998,89.0,170.0,31.0,3.0
179.0,51.0,18.0,38.0,251.81799999999998,89.0,170.0,31.0,3.0
246.0,25.0,16.0,41.0,251.81799999999998,67.0,170.0,23.0,24.0
179.0,51.0,18.0,38.0,251.81799999999998,89.0,170.0,31.0,3.0
179.0,51.0,18.0,38.0,251.81799999999998,89.0,170.0,31.0,3.0
118.0,10.0,10.0,37.0,244.387,83.0,172.0,28.0,8.0
246.0,25.0,16.0,41.0,244.387,67.0,170.0,23.0,16.0
246.0,25.0,16.0,41.0,244.387,67.0,170.0,23.0,2.0
260.0,50.0,11.0,36.0,244.387,65.0,168.0,23.0,4.0
179.0,51.0,18.0,38.0,244.387,89.0,170.0,31.0,2.0
235.0,11.0,14.0,37.0,244.387,88.0,172.0,29.0,8.0
179.0,22.0,17.0,40.0,244.387,63.0,170.0,22.0,8.0
378.0,49.0,11.0,36.0,244.387,65.0,174.0,21.0,8.0
179.0,51.0,18.0,38.0,244.387,89.0,170.0,31.0,16.0
361.0,52.0,3.0,28.0,244.387,80.0,172.0,27.0,8.0
369.0,17.0,12.0,31.0,244.387,70.0,169.0,25.0,0.0
235.0,11.0,14.0,37.0,244.387,88.0,172.0,29.0,8.0
118.0,13.0,18.0,50.0,244.387,98.0,178.0,31.0,2.0
118.0,13.0,18.0,50.0,244.387,98.0,178.0,31.0,3.0
118.0,13.0,18.0,50.0,244.387,98.0,178.0,31.0,8.0
235.0,11.0,14.0,37.0,244.387,88.0,172.0,29.0,0.0
246.0,25.0,16.0,41.0,244.387,67.0,170.0,23.0,0.0
118.0,13.0,18.0,50.0,244.387,98.0,178.0,31.0,0.0
179.0,51.0,18.0,38.0,244.387,89.0,170.0,31.0,8.0
289.0,36.0,13.0,33.0,244.387,90.0,172.0,30.0,8.0
260.0,50.0,11.0,36.0,244.387,65.0,168.0,23.0,8.0
246.0,25.0,16.0,41.0,244.387,67.0,170.0,23.0,2.0
179.0,51.0,18.0,38.0,239.40900000000002,89.0,170.0,31.0,4.0
260.0,50.0,11.0,36.0,239.40900000000002,65.0,168.0,23.0,3.0
330.0,16.0,4.0,28.0,239.40900000000002,84.0,182.0,25.0,4.0
369.0,17.0,12.0,31.0,239.40900000000002,70.0,169.0,25.0,4.0
248.0,25.0,14.0,47.0,239.40900000000002,86.0,165.0,32.0,4.0
330.0,16.0,4.0,28.0,239.40900000000002,84.0,182.0,25.0,8.0
179.0,51.0,18.0,38.0,239.40900000000002,89.0,170.0,31.0,8.0
118.0,13.0,18.0,50.0,239.40900000000002,98.0,178.0,31.0,1.0
118.0,13.0,18.0,50.0,239.40900000000002,98.0,178.0,31.0,120.0
300.0,26.0,13.0,43.0,239.40900000000002,77.0,175.0,25.0,8.0
260.0,50.0,11.0,36.0,239.40900000000002,65.0,168.0,23.0,4.0
179.0,51.0,18.0,38.0,239.40900000000002,89.0,170.0,31.0,4.0
118.0,10.0,10.0,37.0,239.40900000000002,83.0,172.0,28.0,2.0
235.0,20.0,13.0,43.0,246.074,106.0,167.0,38.0,16.0
248.0,25.0,14.0,47.0,246.074,86.0,165.0,32.0,2.0
369.0,17.0,12.0,31.0,246.074,70.0,169.0,25.0,8.0
179.0,26.0,9.0,30.0,246.074,56.0,171.0,19.0,3.0
179.0,51.0,18.0,38.0,246.074,89.0,170.0,31.0,4.0
361.0,52.0,3.0,28.0,246.074,80.0,172.0,27.0,1.0
260.0,50.0,11.0,36.0,246.074,65.0,168.0,23.0,3.0
179.0,22.0,17.0,40.0,246.074,63.0,170.0,22.0,2.0
179.0,22.0,17.0,40.0,246.074,63.0,170.0,22.0,3.0
228.0,14.0,16.0,58.0,246.074,65.0,172.0,22.0,8.0
225.0,26.0,9.0,28.0,246.074,69.0,169.0,24.0,3.0
330.0,16.0,4.0,28.0,246.074,84.0,182.0,25.0,8.0
179.0,26.0,9.0,30.0,246.074,56.0,171.0,19.0,2.0
118.0,10.0,10.0,37.0,246.074,83.0,172.0,28.0,1.0
235.0,11.0,14.0,37.0,246.074,88.0,172.0,29.0,8.0
179.0,26.0,9.0,30.0,246.074,56.0,171.0,19.0,3.0
118.0,10.0,10.0,37.0,253.957,83.0,172.0,28.0,3.0
179.0,51.0,18.0,38.0,253.957,89.0,170.0,31.0,3.0
118.0,10.0,10.0,37.0,253.957,83.0,172.0,28.0,2.0
225.0,26.0,9.0,28.0,253.957,69.0,169.0,24.0,4.0
260.0,50.0,11.0,36.0,253.957,65.0,168.0,23.0,4.0
179.0,51.0,18.0,38.0,253.957,89.0,170.0,31.0,0.0
291.0,31.0,12.0,40.0,253.957,73.0,171.0,25.0,40.0
179.0,51.0,18.0,38.0,253.957,89.0,170.0,31.0,24.0
246.0,25.0,16.0,41.0,253.957,67.0,170.0,23.0,3.0
179.0,51.0,18.0,38.0,253.957,89.0,170.0,31.0,4.0
235.0,20.0,13.0,43.0,253.957,106.0,167.0,38.0,8.0
179.0,51.0,18.0,38.0,253.957,89.0,170.0,31.0,2.0
225.0,26.0,9.0,28.0,253.957,69.0,169.0,24.0,2.0
118.0,13.0,18.0,50.0,253.957,98.0,178.0,31.0,2.0
179.0,51.0,18.0,38.0,253.957,89.0,170.0,31.0,8.0
179.0,26.0,9.0,30.0,253.957,56.0,171.0,19.0,2.0
246.0,25.0,16.0,41.0,253.957,67.0,170.0,23.0,2.0
330.0,16.0,4.0,28.0,253.957,84.0,182.0,25.0,1.0
235.0,11.0,14.0,37.0,253.957,88.0,172.0,29.0,8.0
179.0,26.0,9.0,30.0,230.29,56.0,171.0,19.0,2.0
225.0,26.0,9.0,28.0,230.29,69.0,169.0,24.0,4.0
260.0,50.0,11.0,36.0,230.29,65.0,168.0,23.0,8.0
268.0,11.0,8.0,33.0,230.29,79.0,178.0,25.0,8.0
330.0,16.0,4.0,28.0,230.29,84.0,182.0,25.0,8.0
118.0,10.0,10.0,37.0,230.29,83.0,172.0,28.0,8.0
260.0,50.0,11.0,36.0,230.29,65.0,168.0,23.0,4.0
118.0,10.0,10.0,37.0,230.29,83.0,172.0,28.0,8.0
300.0,26.0,13.0,43.0,230.29,77.0,175.0,25.0,8.0
235.0,29.0,12.0,48.0,230.29,88.0,163.0,33.0,1.0
246.0,25.0,16.0,41.0,230.29,67.0,170.0,23.0,2.0
225.0,26.0,9.0,28.0,230.29,69.0,169.0,24.0,112.0
179.0,51.0,18.0,38.0,230.29,89.0,170.0,31.0,1.0
118.0,13.0,18.0,50.0,230.29,98.0,178.0,31.0,1.0
361.0,52.0,3.0,28.0,230.29,80.0,172.0,27.0,8.0
289.0,36.0,13.0,33.0,230.29,90.0,172.0,30.0,8.0
235.0,20.0,13.0,43.0,230.29,106.0,167.0,38.0,8.0
246.0,25.0,16.0,41.0,230.29,67.0,170.0,23.0,2.0
291.0,31.0,12.0,40.0,230.29,73.0,171.0,25.0,1.0
279.0,5.0,14.0,39.0,230.29,68.0,168.0,24.0,2.0
179.0,51.0,18.0,38.0,249.797,89.0,170.0,31.0,4.0
179.0,22.0,17.0,40.0,249.797,63.0,170.0,22.0,1.0
246.0,25.0,16.0,41.0,249.797,67.0,170.0,23.0,4.0
118.0,10.0,10.0,37.0,249.797,83.0,172.0,28.0,4.0
289.0,36.0,13.0,33.0,249.797,90.0,172.0,30.0,8.0
235.0,20.0,13.0,43.0,249.797,106.0,167.0,38.0,8.0
291.0,31.0,12.0,40.0,249.797,73.0,171.0,25.0,4.0
179.0,51.0,18.0,38.0,249.797,89.0,170.0,31.0,4.0
179.0,22.0,17.0,40.0,249.797,63.0,170.0,22.0,8.0
330.0,16.0,4.0,28.0,249.797,84.0,182.0,25.0,16.0
235.0,11.0,14.0,37.0,249.797,88.0,172.0,29.0,4.0
246.0,25.0,16.0,41.0,249.797,67.0,170.0,23.0,1.0
118.0,10.0,10.0,37.0,249.797,83.0,172.0,28.0,5.0
291.0,31.0,12.0,40.0,249.797,73.0,171.0,25.0,2.0
260.0,50.0,11.0,36.0,249.797,65.0,168.0,23.0,3.0
246.0,25.0,16.0,41.0,261.756,67.0,170.0,23.0,1.0
246.0,25.0,16.0,41.0,261.756,67.0,170.0,23.0,1.0
118.0,10.0,10.0,37.0,261.756,83.0,172.0,28.0,3.0
155.0,12.0,14.0,34.0,261.756,95.0,196.0,25.0,2.0
291.0,31.0,12.0,40.0,261.756,73.0,171.0,25.0,2.0
179.0,26.0,9.0,30.0,261.756,56.0,171.0,19.0,8.0
248.0,25.0,14.0,47.0,261.756,86.0,165.0,32.0,1.0
179.0,51.0,18.0,38.0,261.756,89.0,170.0,31.0,4.0
225.0,26.0,9.0,28.0,261.756,69.0,169.0,24.0,1.0
179.0,26.0,9.0,30.0,261.756,56.0,171.0,19.0,2.0
369.0,17.0,12.0,31.0,261.756,70.0,169.0,25.0,8.0
361.0,52.0,3.0,28.0,261.756,80.0,172.0,27.0,8.0
289.0,48.0,29.0,49.0,284.853,108.0,172.0,36.0,1.0
235.0,16.0,8.0,32.0,284.853,75.0,178.0,25.0,3.0
246.0,25.0,16.0,41.0,284.853,67.0,170.0,23.0,8.0
289.0,48.0,29.0,49.0,284.853,108.0,172.0,36.0,3.0
291.0,31.0,12.0,40.0,284.853,73.0,171.0,25.0,2.0
118.0,10.0,10.0,37.0,284.853,83.0,172.0,28.0,2.0
289.0,48.0,29.0,49.0,284.853,108.0,172.0,36.0,2.0
291.0,31.0,12.0,40.0,284.853,73.0,171.0,25.0,1.0
225.0,26.0,9.0,28.0,284.853,69.0,169.0,24.0,2.0
369.0,17.0,12.0,31.0,284.853,70.0,169.0,25.0,8.0
369.0,17.0,12.0,31.0,284.853,70.0,169.0,25.0,3.0
225.0,26.0,9.0,28.0,284.853,69.0,169.0,24.0,4.0
369.0,17.0,12.0,31.0,284.853,70.0,169.0,25.0,8.0
179.0,51.0,18.0,38.0,284.853,89.0,170.0,31.0,3.0
228.0,14.0,16.0,58.0,284.853,65.0,172.0,22.0,1.0
291.0,31.0,12.0,40.0,284.853,73.0,171.0,25.0,1.0
369.0,17.0,12.0,31.0,284.853,70.0,169.0,25.0,8.0
225.0,26.0,9.0,28.0,284.853,69.0,169.0,24.0,1.0
369.0,17.0,12.0,31.0,284.853,70.0,169.0,25.0,8.0
225.0,26.0,9.0,28.0,284.853,69.0,169.0,24.0,3.0
189.0,29.0,13.0,33.0,284.853,69.0,167.0,25.0,8.0
235.0,16.0,8.0,32.0,284.853,75.0,178.0,25.0,8.0
248.0,25.0,14.0,47.0,284.853,86.0,165.0,32.0,8.0
225.0,26.0,9.0,28.0,284.853,69.0,169.0,24.0,0.0
225.0,26.0,9.0,28.0,284.853,69.0,169.0,24.0,3.0
179.0,51.0,18.0,38.0,268.519,89.0,170.0,31.0,1.0
118.0,10.0,10.0,37.0,268.519,83.0,172.0,28.0,3.0
330.0,16.0,4.0,28.0,268.519,84.0,182.0,25.0,24.0
179.0,51.0,18.0,38.0,268.519,89.0,170.0,31.0,1.0
118.0,10.0,10.0,37.0,268.519,83.0,172.0,28.0,8.0
289.0,36.0,13.0,33.0,268.519,90.0,172.0,30.0,8.0
235.0,16.0,8.0,32.0,268.519,75.0,178.0,25.0,8.0
225.0,26.0,9.0,28.0,268.519,69.0,169.0,24.0,4.0
361.0,52.0,3.0,28.0,268.519,80.0,172.0,27.0,8.0
291.0,31.0,12.0,40.0,268.519,73.0,171.0,25.0,2.0
118.0,10.0,10.0,37.0,268.519,83.0,172.0,28.0,2.0
225.0,26.0,9.0,28.0,268.519,69.0,169.0,24.0,3.0
179.0,51.0,18.0,38.0,268.519,89.0,170.0,31.0,1.0
118.0,10.0,10.0,37.0,268.519,83.0,172.0,28.0,8.0
118.0,10.0,10.0,37.0,268.519,83.0,172.0,28.0,8.0
225.0,26.0,9.0,28.0,268.519,69.0,169.0,24.0,2.0
291.0,31.0,12.0,40.0,268.519,73.0,171.0,25.0,0.0
289.0,36.0,13.0,33.0,268.519,90.0,172.0,30.0,0.0
248.0,25.0,14.0,47.0,268.519,86.0,165.0,32.0,4.0
235.0,20.0,13.0,43.0,268.519,106.0,167.0,38.0,0.0
225.0,26.0,9.0,28.0,268.519,69.0,169.0,24.0,2.0
369.0,17.0,12.0,31.0,268.519,70.0,169.0,25.0,8.0
361.0,52.0,3.0,28.0,268.519,80.0,172.0,27.0,2.0
179.0,51.0,18.0,38.0,280.54900000000004,89.0,170.0,31.0,32.0
291.0,31.0,12.0,40.0,280.54900000000004,73.0,171.0,25.0,1.0
225.0,26.0,9.0,28.0,280.54900000000004,69.0,169.0,24.0,3.0
179.0,26.0,9.0,30.0,280.54900000000004,56.0,171.0,19.0,1.0
225.0,26.0,9.0,28.0,280.54900000000004,69.0,169.0,24.0,3.0
225.0,26.0,9.0,28.0,280.54900000000004,69.0,169.0,24.0,3.0
361.0,52.0,3.0,28.0,280.54900000000004,80.0,172.0,27.0,4.0
179.0,22.0,17.0,40.0,280.54900000000004,63.0,170.0,22.0,2.0
235.0,20.0,13.0,43.0,280.54900000000004,106.0,167.0,38.0,8.0
233.0,51.0,1.0,31.0,280.54900000000004,68.0,178.0,21.0,8.0
179.0,26.0,9.0,30.0,280.54900000000004,56.0,171.0,19.0,16.0
225.0,26.0,9.0,28.0,280.54900000000004,69.0,169.0,24.0,2.0
225.0,26.0,9.0,28.0,280.54900000000004,69.0,169.0,24.0,3.0
225.0,26.0,9.0,28.0,280.54900000000004,69.0,169.0,24.0,2.0
155.0,12.0,14.0,34.0,280.54900000000004,95.0,196.0,25.0,80.0
179.0,26.0,9.0,30.0,313.532,56.0,171.0,19.0,24.0
179.0,26.0,9.0,30.0,313.532,56.0,171.0,19.0,16.0
179.0,22.0,17.0,40.0,313.532,63.0,170.0,22.0,2.0
179.0,22.0,17.0,40.0,313.532,63.0,170.0,22.0,2.0
179.0,26.0,9.0,30.0,313.532,56.0,171.0,19.0,3.0
179.0,22.0,17.0,40.0,313.532,63.0,170.0,22.0,2.0
289.0,48.0,29.0,49.0,313.532,108.0,172.0,36.0,8.0
179.0,22.0,17.0,40.0,313.532,63.0,170.0,22.0,3.0
179.0,26.0,9.0,30.0,313.532,56.0,171.0,19.0,2.0
155.0,12.0,14.0,34.0,313.532,95.0,196.0,25.0,8.0
179.0,26.0,9.0,30.0,313.532,56.0,171.0,19.0,2.0
179.0,51.0,18.0,38.0,313.532,89.0,170.0,31.0,3.0
289.0,36.0,13.0,33.0,313.532,90.0,172.0,30.0,8.0
179.0,51.0,18.0,38.0,313.532,89.0,170.0,31.0,3.0
179.0,51.0,18.0,38.0,313.532,89.0,170.0,31.0,2.0
179.0,51.0,18.0,38.0,264.249,89.0,170.0,31.0,8.0
225.0,26.0,9.0,28.0,264.249,69.0,169.0,24.0,3.0
248.0,25.0,14.0,47.0,264.249,86.0,165.0,32.0,8.0
179.0,51.0,18.0,38.0,264.249,89.0,170.0,31.0,2.0
225.0,26.0,9.0,28.0,264.249,69.0,169.0,24.0,3.0
179.0,51.0,18.0,38.0,264.249,89.0,170.0,31.0,2.0
179.0,26.0,9.0,30.0,264.249,56.0,171.0,19.0,2.0
225.0,15.0,15.0,41.0,264.249,94.0,182.0,28.0,2.0
179.0,51.0,18.0,38.0,264.249,89.0,170.0,31.0,2.0
233.0,51.0,1.0,31.0,264.249,68.0,178.0,21.0,2.0
179.0,51.0,18.0,38.0,264.249,89.0,170.0,31.0,2.0
225.0,26.0,9.0,28.0,264.249,69.0,169.0,24.0,8.0
179.0,51.0,18.0,38.0,264.249,89.0,170.0,31.0,3.0
179.0,51.0,18.0,38.0,264.249,89.0,170.0,31.0,3.0
225.0,26.0,9.0,28.0,264.249,69.0,169.0,24.0,3.0
179.0,26.0,9.0,30.0,264.249,56.0,171.0,19.0,2.0
179.0,22.0,17.0,40.0,264.249,63.0,170.0,22.0,2.0
179.0,51.0,18.0,38.0,264.249,89.0,170.0,31.0,3.0
233.0,51.0,1.0,31.0,264.249,68.0,178.0,21.0,3.0
179.0,26.0,9.0,30.0,264.249,56.0,171.0,19.0,2.0
179.0,51.0,18.0,38.0,264.249,89.0,170.0,31.0,2.0
179.0,51.0,18.0,38.0,264.249,89.0,170.0,31.0,8.0
179.0,51.0,18.0,38.0,264.249,89.0,170.0,31.0,2.0
155.0,12.0,14.0,34.0,264.249,95.0,196.0,25.0,5.0
235.0,16.0,8.0,32.0,264.249,75.0,178.0,25.0,3.0
179.0,51.0,18.0,38.0,264.249,89.0,170.0,31.0,2.0
225.0,26.0,9.0,28.0,264.249,69.0,169.0,24.0,2.0
179.0,51.0,18.0,38.0,264.249,89.0,170.0,31.0,2.0
248.0,25.0,14.0,47.0,264.249,86.0,165.0,32.0,2.0
225.0,26.0,9.0,28.0,264.249,69.0,169.0,24.0,2.0
179.0,51.0,18.0,38.0,264.249,89.0,170.0,31.0,2.0
179.0,51.0,18.0,38.0,264.249,89.0,170.0,31.0,2.0
235.0,16.0,8.0,32.0,264.249,75.0,178.0,25.0,2.0
179.0,51.0,18.0,38.0,222.196,89.0,170.0,31.0,2.0
248.0,25.0,14.0,47.0,222.196,86.0,165.0,32.0,2.0
228.0,14.0,16.0,58.0,222.196,65.0,172.0,22.0,3.0
248.0,25.0,14.0,47.0,222.196,86.0,165.0,32.0,3.0
228.0,14.0,16.0,58.0,222.196,65.0,172.0,22.0,112.0
179.0,51.0,18.0,38.0,222.196,89.0,170.0,31.0,2.0
225.0,26.0,9.0,28.0,222.196,69.0,169.0,24.0,2.0
179.0,51.0,18.0,38.0,222.196,89.0,170.0,31.0,3.0
225.0,26.0,9.0,28.0,222.196,69.0,169.0,24.0,2.0
179.0,26.0,9.0,30.0,222.196,56.0,171.0,19.0,3.0
235.0,16.0,8.0,32.0,222.196,75.0,178.0,25.0,3.0
361.0,52.0,3.0,28.0,222.196,80.0,172.0,27.0,8.0
179.0,51.0,18.0,38.0,222.196,89.0,170.0,31.0,8.0
179.0,51.0,18.0,38.0,222.196,89.0,170.0,31.0,2.0
179.0,51.0,18.0,38.0,222.196,89.0,170.0,31.0,3.0
179.0,26.0,9.0,30.0,222.196,56.0,171.0,19.0,2.0
179.0,51.0,18.0,38.0,222.196,89.0,170.0,31.0,4.0
248.0,25.0,14.0,47.0,222.196,86.0,165.0,32.0,2.0
179.0,51.0,18.0,38.0,222.196,89.0,170.0,31.0,3.0
225.0,26.0,9.0,28.0,222.196,69.0,169.0,24.0,8.0
179.0,51.0,18.0,38.0,222.196,89.0,170.0,31.0,2.0
289.0,36.0,13.0,33.0,222.196,90.0,172.0,30.0,8.0
228.0,14.0,16.0,58.0,222.196,65.0,172.0,22.0,2.0
179.0,51.0,18.0,38.0,222.196,89.0,170.0,31.0,2.0
248.0,25.0,14.0,47.0,222.196,86.0,165.0,32.0,3.0
179.0,51.0,18.0,38.0,222.196,89.0,170.0,31.0,3.0
179.0,26.0,9.0,30.0,222.196,56.0,171.0,19.0,2.0
179.0,51.0,18.0,38.0,222.196,89.0,170.0,31.0,3.0
179.0,51.0,18.0,38.0,222.196,89.0,170.0,31.0,3.0
118.0,15.0,24.0,46.0,222.196,75.0,175.0,25.0,8.0
155.0,12.0,14.0,34.0,222.196,95.0,196.0,25.0,24.0
179.0,51.0,18.0,38.0,222.196,89.0,170.0,31.0,3.0
179.0,51.0,18.0,38.0,222.196,89.0,170.0,31.0,3.0
179.0,26.0,9.0,30.0,222.196,56.0,171.0,19.0,2.0
289.0,36.0,13.0,33.0,222.196,90.0,172.0,30.0,104.0
369.0,17.0,12.0,31.0,222.196,70.0,169.0,25.0,8.0
225.0,26.0,9.0,28.0,246.28799999999998,69.0,169.0,24.0,8.0
118.0,10.0,10.0,37.0,246.28799999999998,83.0,172.0,28.0,8.0
361.0,52.0,3.0,28.0,246.28799999999998,80.0,172.0,27.0,8.0
248.0,25.0,14.0,47.0,246.28799999999998,86.0,165.0,32.0,8.0
189.0,29.0,13.0,33.0,246.28799999999998,69.0,167.0,25.0,8.0
179.0,26.0,9.0,30.0,246.28799999999998,56.0,171.0,19.0,2.0
369.0,17.0,12.0,31.0,246.28799999999998,70.0,169.0,25.0,24.0
179.0,22.0,17.0,40.0,246.28799999999998,63.0,170.0,22.0,2.0
118.0,13.0,18.0,50.0,246.28799999999998,98.0,178.0,31.0,3.0
361.0,52.0,3.0,28.0,246.28799999999998,80.0,172.0,27.0,2.0
118.0,10.0,10.0,37.0,246.28799999999998,83.0,172.0,28.0,2.0
235.0,11.0,14.0,37.0,246.28799999999998,88.0,172.0,29.0,8.0
179.0,26.0,9.0,30.0,246.28799999999998,56.0,171.0,19.0,2.0
225.0,26.0,9.0,28.0,246.28799999999998,69.0,169.0,24.0,8.0
235.0,16.0,8.0,32.0,246.28799999999998,75.0,178.0,25.0,3.0
179.0,26.0,9.0,30.0,246.28799999999998,56.0,171.0,19.0,2.0
155.0,12.0,14.0,34.0,246.28799999999998,95.0,196.0,25.0,4.0
225.0,26.0,9.0,28.0,246.28799999999998,69.0,169.0,24.0,8.0
118.0,13.0,18.0,50.0,246.28799999999998,98.0,178.0,31.0,2.0
179.0,26.0,9.0,30.0,246.28799999999998,56.0,171.0,19.0,2.0
235.0,11.0,14.0,37.0,237.65599999999998,88.0,172.0,29.0,8.0
225.0,15.0,15.0,41.0,237.65599999999998,94.0,182.0,28.0,3.0
235.0,16.0,8.0,32.0,237.65599999999998,75.0,178.0,25.0,2.0
118.0,10.0,10.0,37.0,237.65599999999998,83.0,172.0,28.0,3.0
235.0,20.0,13.0,43.0,237.65599999999998,106.0,167.0,38.0,8.0
179.0,26.0,9.0,30.0,237.65599999999998,56.0,171.0,19.0,1.0
291.0,31.0,12.0,40.0,237.65599999999998,73.0,171.0,25.0,2.0
225.0,15.0,15.0,41.0,237.65599999999998,94.0,182.0,28.0,8.0
300.0,26.0,13.0,43.0,237.65599999999998,77.0,175.0,25.0,64.0
225.0,15.0,15.0,41.0,237.65599999999998,94.0,182.0,28.0,8.0
179.0,26.0,9.0,30.0,237.65599999999998,56.0,171.0,19.0,2.0
118.0,13.0,18.0,50.0,237.65599999999998,98.0,178.0,31.0,2.0
118.0,13.0,18.0,50.0,237.65599999999998,98.0,178.0,31.0,3.0
118.0,10.0,10.0,37.0,237.65599999999998,83.0,172.0,28.0,1.0
118.0,13.0,18.0,50.0,237.65599999999998,98.0,178.0,31.0,0.0
179.0,26.0,9.0,30.0,237.65599999999998,56.0,171.0,19.0,2.0
378.0,49.0,11.0,36.0,237.65599999999998,65.0,174.0,21.0,0.0
179.0,22.0,17.0,40.0,237.65599999999998,63.0,170.0,22.0,1.0
155.0,12.0,14.0,34.0,237.65599999999998,95.0,196.0,25.0,48.0
235.0,16.0,8.0,32.0,237.65599999999998,75.0,178.0,25.0,8.0
291.0,31.0,12.0,40.0,237.65599999999998,73.0,171.0,25.0,8.0
179.0,22.0,17.0,40.0,237.65599999999998,63.0,170.0,22.0,8.0
225.0,26.0,9.0,28.0,237.65599999999998,69.0,169.0,24.0,3.0
330.0,16.0,4.0,28.0,237.65599999999998,84.0,182.0,25.0,8.0
235.0,16.0,8.0,32.0,237.65599999999998,75.0,178.0,25.0,2.0
291.0,31.0,12.0,40.0,237.65599999999998,73.0,171.0,25.0,2.0
179.0,26.0,9.0,30.0,237.65599999999998,56.0,171.0,19.0,2.0
361.0,52.0,3.0,28.0,237.65599999999998,80.0,172.0,27.0,8.0
155.0,12.0,14.0,34.0,237.65599999999998,95.0,196.0,25.0,2.0
179.0,22.0,17.0,40.0,237.65599999999998,63.0,170.0,22.0,8.0
155.0,12.0,14.0,34.0,237.65599999999998,95.0,196.0,25.0,8.0
225.0,26.0,9.0,28.0,237.65599999999998,69.0,169.0,24.0,1.0
118.0,15.0,24.0,46.0,275.089,75.0,175.0,25.0,8.0
179.0,26.0,9.0,30.0,275.089,56.0,171.0,19.0,3.0
118.0,10.0,10.0,37.0,275.089,83.0,172.0,28.0,8.0
118.0,10.0,10.0,37.0,275.089,83.0,172.0,28.0,8.0
378.0,49.0,11.0,36.0,275.089,65.0,174.0,21.0,8.0
118.0,13.0,18.0,50.0,275.089,98.0,178.0,31.0,24.0
233.0,51.0,1.0,31.0,275.089,68.0,178.0,21.0,8.0
179.0,26.0,9.0,30.0,275.089,56.0,171.0,19.0,2.0
235.0,29.0,12.0,48.0,275.089,88.0,163.0,33.0,0.0
268.0,11.0,8.0,33.0,275.089,79.0,178.0,25.0,0.0
118.0,13.0,18.0,50.0,275.089,98.0,178.0,31.0,3.0
179.0,26.0,9.0,30.0,275.089,56.0,171.0,19.0,2.0
291.0,31.0,12.0,40.0,275.089,73.0,171.0,25.0,2.0
179.0,26.0,9.0,30.0,275.089,56.0,171.0,19.0,3.0
118.0,10.0,10.0,37.0,275.089,83.0,172.0,28.0,3.0
233.0,51.0,1.0,31.0,275.089,68.0,178.0,21.0,8.0
118.0,10.0,10.0,37.0,275.089,83.0,172.0,28.0,2.0
118.0,10.0,10.0,37.0,275.089,83.0,172.0,28.0,3.0
233.0,51.0,1.0,31.0,275.089,68.0,178.0,21.0,3.0
235.0,20.0,13.0,43.0,264.60400000000004,106.0,167.0,38.0,4.0
233.0,51.0,1.0,31.0,264.60400000000004,68.0,178.0,21.0,2.0
228.0,14.0,16.0,58.0,264.60400000000004,65.0,172.0,22.0,8.0
118.0,10.0,10.0,37.0,264.60400000000004,83.0,172.0,28.0,4.0
228.0,14.0,16.0,58.0,264.60400000000004,65.0,172.0,22.0,120.0
189.0,29.0,13.0,33.0,264.60400000000004,69.0,167.0,25.0,16.0
118.0,10.0,10.0,37.0,264.60400000000004,83.0,172.0,28.0,2.0
361.0,52.0,3.0,28.0,264.60400000000004,80.0,172.0,27.0,8.0
225.0,26.0,9.0,28.0,264.60400000000004,69.0,169.0,24.0,8.0
369.0,17.0,12.0,31.0,264.60400000000004,70.0,169.0,25.0,80.0
289.0,36.0,13.0,33.0,264.60400000000004,90.0,172.0,30.0,8.0
235.0,11.0,14.0,37.0,264.60400000000004,88.0,172.0,29.0,4.0
118.0,14.0,13.0,40.0,271.219,98.0,170.0,34.0,0.0
231.0,35.0,14.0,39.0,271.219,100.0,170.0,35.0,0.0
179.0,45.0,14.0,53.0,271.219,77.0,175.0,25.0,0.0
